RelationshipID,BatchID,ActivityID
d179f6c6-eb49-11ec-a626-a44cc83e0d72,d1790be5-eb49-11ec-b012-a44cc83e0d72,d0eb7bb3-eb49-11ec-a2ea-a44cc83e0d72
d1856928-eb49-11ec-9827-a44cc83e0d72,d184a522-eb49-11ec-9c5e-a44cc83e0d72,d17e8ac4-eb49-11ec-a7ab-a44cc83e0d72
d1a4e03d-eb49-11ec-be49-a44cc83e0d72,d1952136-eb49-11ec-bcfc-a44cc83e0d72,d189fc4a-eb49-11ec-8e7d-a44cc83e0d72
d2838086-eb49-11ec-b646-a44cc83e0d72,d282e4ab-eb49-11ec-a840-a44cc83e0d72,d1bb2868-eb49-11ec-a7d9-a44cc83e0d72
d2909fe6-eb49-11ec-a1a8-a44cc83e0d72,d29003ae-eb49-11ec-86f2-a44cc83e0d72,d285cb05-eb49-11ec-be27-a44cc83e0d72
d35dbaa4-eb49-11ec-a8be-a44cc83e0d72,d2a0a6a4-eb49-11ec-87d8-a44cc83e0d72,d292ea02-eb49-11ec-8b53-a44cc83e0d72
d37400c8-eb49-11ec-b8b9-a44cc83e0d72,d2a0a6a4-eb49-11ec-87d8-a44cc83e0d72,d363110b-eb49-11ec-bf5b-a44cc83e0d72
d396cb1b-eb49-11ec-98c5-a44cc83e0d72,d3967cff-eb49-11ec-9be3-a44cc83e0d72,d391c1fe-eb49-11ec-a4b4-a44cc83e0d72
d4582c28-eb49-11ec-868b-a44cc83e0d72,d3a4fbdd-eb49-11ec-8fe1-a44cc83e0d72,d39a9bce-eb49-11ec-b006-a44cc83e0d72
d490053a-eb49-11ec-a5a1-a44cc83e0d72,d48640ba-eb49-11ec-b6f6-a44cc83e0d72,d45c7245-eb49-11ec-bb04-a44cc83e0d72
d49daf0b-eb49-11ec-ba38-a44cc83e0d72,d49ceb56-eb49-11ec-99f8-a44cc83e0d72,d492010e-eb49-11ec-8c35-a44cc83e0d72
deedd8fe-eb49-11ec-b75a-a44cc83e0d72,deed8b03-eb49-11ec-8f53-a44cc83e0d72,dee9467c-eb49-11ec-8a4f-a44cc83e0d72
df20d0c3-eb49-11ec-9821-a44cc83e0d72,d282e4ab-eb49-11ec-a840-a44cc83e0d72,df19cc3f-eb49-11ec-bd86-a44cc83e0d72
df2c238e-eb49-11ec-bd79-a44cc83e0d72,df2bd56a-eb49-11ec-9930-a44cc83e0d72,df2319f9-eb49-11ec-a1ef-a44cc83e0d72
df4bd766-eb49-11ec-888b-a44cc83e0d72,d2a0a6a4-eb49-11ec-87d8-a44cc83e0d72,df3b70e0-eb49-11ec-97b6-a44cc83e0d72
df701803-eb49-11ec-bd1c-a44cc83e0d72,df6fc9d2-eb49-11ec-be89-a44cc83e0d72,df6a254a-eb49-11ec-8b74-a44cc83e0d72
df972804-eb49-11ec-9b18-a44cc83e0d72,df96d9e5-eb49-11ec-aa45-a44cc83e0d72,df89ba85-eb49-11ec-b08a-a44cc83e0d72
47699f1e-eb4a-11ec-9417-a44cc83e0d72,47692a01-eb4a-11ec-a0ac-a44cc83e0d72,45d62bec-eb4a-11ec-af63-a44cc83e0d72
47c19d14-eb4a-11ec-9c4c-a44cc83e0d72,d282e4ab-eb49-11ec-a840-a44cc83e0d72,47b58f08-eb4a-11ec-8eed-a44cc83e0d72
47d48922-eb4a-11ec-a5f5-a44cc83e0d72,47d43ac4-eb4a-11ec-a301-a44cc83e0d72,47c5e2c5-eb4a-11ec-8980-a44cc83e0d72
4805d231-eb4a-11ec-83a0-a44cc83e0d72,d2a0a6a4-eb49-11ec-87d8-a44cc83e0d72,47ee2b5e-eb4a-11ec-a191-a44cc83e0d72
4b4cb908-eb4a-11ec-aa1d-a44cc83e0d72,4b4c44ad-eb4a-11ec-9d07-a44cc83e0d72,4acfe2bf-eb4a-11ec-8955-a44cc83e0d72
4b8afac6-eb4a-11ec-afc4-a44cc83e0d72,4b8a8590-eb4a-11ec-8f8b-a44cc83e0d72,4b774b76-eb4a-11ec-8757-a44cc83e0d72
