RelationshipID,ToolID,PredecessorID
d06bfa94-eb49-11ec-99c3-a44cc83e0d72,d0662e39-eb49-11ec-b430-a44cc83e0d72,d05ae3a3-eb49-11ec-91a9-a44cc83e0d72
d0769866-eb49-11ec-bfc2-a44cc83e0d72,d071dd70-eb49-11ec-a95f-a44cc83e0d72,d0662e39-eb49-11ec-b430-a44cc83e0d72
d082315c-eb49-11ec-836e-a44cc83e0d72,d07c3dbd-eb49-11ec-9c79-a44cc83e0d72,d0662e39-eb49-11ec-b430-a44cc83e0d72
d096f1bb-eb49-11ec-9bc7-a44cc83e0d72,d091c196-eb49-11ec-9871-a44cc83e0d72,d087b090-eb49-11ec-90de-a44cc83e0d72
d0a1790e-eb49-11ec-aaf8-a44cc83e0d72,d09b8639-eb49-11ec-b2a7-a44cc83e0d72,d091c196-eb49-11ec-9871-a44cc83e0d72
d0be4ffe-eb49-11ec-8665-a44cc83e0d72,d0b66121-eb49-11ec-92b3-a44cc83e0d72,d09b8639-eb49-11ec-b2a7-a44cc83e0d72
d0bf6176-eb49-11ec-a435-a44cc83e0d72,d0b66121-eb49-11ec-92b3-a44cc83e0d72,d0aaef07-eb49-11ec-9152-a44cc83e0d72
d0c04bd6-eb49-11ec-8c7e-a44cc83e0d72,d0b66121-eb49-11ec-92b3-a44cc83e0d72,d0a54ae9-eb49-11ec-a2fb-a44cc83e0d72
d0c15d30-eb49-11ec-b0bb-a44cc83e0d72,d0b66121-eb49-11ec-92b3-a44cc83e0d72,d071dd70-eb49-11ec-a95f-a44cc83e0d72
d0ce2e83-eb49-11ec-b26d-a44cc83e0d72,d0c66647-eb49-11ec-83bf-a44cc83e0d72,d07c3dbd-eb49-11ec-9c79-a44cc83e0d72
d0cf18e2-eb49-11ec-ae8c-a44cc83e0d72,d0c66647-eb49-11ec-83bf-a44cc83e0d72,d0b66121-eb49-11ec-92b3-a44cc83e0d72
